<?xml version="1.0" encoding="UTF-8"?>
<configuration>
    <appender name="STDOUT" class="ch.qos.logback.core.ConsoleAppender">
        <encoder>
            <pattern>%d{yyyy-MM-dd HH:mm:ss} [%thread] %-5level %logger{36} - %msg%n</pattern>
        </encoder>
    </appender>

    <logger name="io.github.bonigarcia" level="DEBUG" />
    <logger name="org" level="INFO" />
    <logger name="com" level="INFO" />

    <root level="INFO">
        <appender-ref ref="STDOUT" />
    </root>

</configuration>
